record,TP,FP,FN,sensitivity,precision
04015,9768,226,130,0.9868660335421298,0.9773864318591154
04043,12433,12,55,0.9955957719410634,0.9990357573322619
04048,8477,142,6,0.9992927030531652,0.9835247708550876
04126,11184,404,386,0.9666378565254969,0.9651363479461512
04746,7176,124,14,0.9980528511821974,0.983013698630137
04908,11772,4,19,0.9983886014757019,0.9996603260869565
04936,8521,32,9,0.9989449003516999,0.9962586227054835
05091,7133,81,14,0.9980411361410382,0.9887718325478236
05121,8512,65,384,0.9568345323741008,0.9924215926314562
05261,9468,62,32,0.9966315789473684,0.9934942287513117
06426,10424,207,280,0.9738415545590433,0.9805286426488571
06453,7722,225,5,0.9993529183382943,0.9716874292185731
06995,10754,9,1,0.999907019990702,0.9991638019139645
07162,2882,5151,5510,0.3434223069590086,0.358770073447031
07859,11703,84,197,0.9834453781512605,0.9928735047085773
07879,9260,171,50,0.9946294307196563,0.9818683066482876
07910,6921,8,1,0.999855533082924,0.9988454322413046
08215,10249,28,33,0.9967905076833301,0.9972754694949888
08219,12133,289,207,0.98322528363047,0.9767348253099339
08378,10260,22,8,0.9992208804051422,0.9978603384555534
08405,9506,26,49,0.9948717948717949,0.9972723457826269
08434,8143,18,22,0.9973055725658297,0.9977943879426541
08455,9348,35,22,0.9976520811099253,0.996269849728232
