split,record,detector,TP,FP,FN,sensitivity,precision,seconds
dev,100,fixed,371,0,0,1.0,1.0,0.006864333001431078
dev,100,adaptive,371,0,0,1.0,1.0,0.007345624966546893
dev,100,xqrs,371,0,0,1.0,1.0,0.22282599995378405
dev,101,fixed,337,2,5,0.9853801169590644,0.9941002949852508,0.005495459015946835
dev,101,adaptive,341,3,1,0.9970760233918129,0.9912790697674418,0.007353208027780056
dev,101,xqrs,341,2,1,0.9970760233918129,0.9941690962099126,0.21599691704614088
dev,103,fixed,355,0,0,1.0,1.0,0.006910624972078949
dev,103,adaptive,355,0,0,1.0,1.0,0.007968707999680191
dev,103,xqrs,355,0,0,1.0,1.0,0.22198129200842232
dev,105,fixed,417,0,0,1.0,1.0,0.0058887089835479856
dev,105,adaptive,417,0,0,1.0,1.0,0.007626791950315237
dev,105,xqrs,417,0,0,1.0,1.0,0.2267738749505952
dev,108,fixed,68,0,215,0.24028268551236748,1.0,0.006368667003698647
dev,108,adaptive,283,7,0,1.0,0.9758620689655172,0.008498332987073809
dev,108,xqrs,246,125,37,0.8692579505300353,0.6630727762803235,0.21570354199502617
dev,200,fixed,138,0,295,0.3187066974595843,1.0,0.00656725000590086
dev,200,adaptive,432,1,1,0.9976905311778291,0.9976905311778291,0.00886895798612386
dev,200,xqrs,432,1,1,0.9976905311778291,0.9976905311778291,0.21077579102711752
dev,203,fixed,286,19,213,0.5731462925851704,0.9377049180327869,0.006444791972171515
dev,203,adaptive,457,10,42,0.9158316633266533,0.9785867237687366,0.008871082973200828
dev,203,xqrs,478,1,21,0.9579158316633266,0.9979123173277662,0.2151667500147596
dev,207,fixed,18,1,250,0.06716417910447761,0.9473684210526315,0.006534582993481308
dev,207,adaptive,263,7,5,0.9813432835820896,0.9740740740740741,0.00838075001956895
dev,207,xqrs,222,1,46,0.8283582089552238,0.9955156950672646,0.21425362501759082
dev,210,fixed,414,0,32,0.9282511210762332,1.0,0.0033203749917447567
dev,210,adaptive,441,0,5,0.9887892376681614,1.0,0.005141375004313886
dev,210,xqrs,436,1,10,0.9775784753363229,0.9977116704805492,0.20565658301347867
dev,215,fixed,30,0,538,0.0528169014084507,1.0,0.006040667009074241
dev,215,adaptive,550,1,18,0.9683098591549296,0.9981851179673321,0.008176666975487024
dev,215,xqrs,567,0,1,0.9982394366197183,1.0,0.21924979100003839
held-out,106,fixed,242,0,89,0.7311178247734139,1.0,0.0063278330489993095
held-out,106,adaptive,331,0,0,1.0,1.0,0.007186707982327789
held-out,106,xqrs,311,0,20,0.9395770392749244,1.0,0.21704454196151346
held-out,107,fixed,353,21,0,1.0,0.9438502673796791,0.006568999961018562
held-out,107,adaptive,353,10,0,1.0,0.9724517906336089,0.008434666029643267
held-out,107,xqrs,352,0,1,0.9971671388101983,1.0,0.22456458397209644
held-out,109,fixed,416,0,17,0.9607390300230947,1.0,0.006855292012915015
held-out,109,adaptive,433,0,0,1.0,1.0,0.008827582991216332
held-out,109,xqrs,432,0,1,0.9976905311778291,1.0,0.21908220800105482
held-out,111,fixed,296,1,52,0.8505747126436781,0.9966329966329966,0.004689041990786791
held-out,111,adaptive,347,2,1,0.9971264367816092,0.994269340974212,0.007451125013176352
held-out,111,xqrs,348,0,0,1.0,1.0,0.22176466597011313
held-out,112,fixed,428,0,0,1.0,1.0,0.006780707975849509
held-out,112,adaptive,428,0,0,1.0,1.0,0.008840666036121547
held-out,112,xqrs,428,0,0,1.0,1.0,0.22190620796754956
held-out,113,fixed,289,0,0,1.0,1.0,0.0060400000074878335
held-out,113,adaptive,289,3,0,1.0,0.9897260273972602,0.008494334004353732
held-out,113,xqrs,289,0,0,1.0,1.0,0.22594174998812377
held-out,114,fixed,262,5,13,0.9527272727272728,0.9812734082397003,0.0057739579933695495
held-out,114,adaptive,275,0,0,1.0,1.0,0.007115459011401981
held-out,114,xqrs,275,0,0,1.0,1.0,0.22064687497913837
held-out,115,fixed,316,0,0,1.0,1.0,0.007220540952403098
held-out,115,adaptive,316,0,0,1.0,1.0,0.009084666962735355
held-out,115,xqrs,316,0,0,1.0,1.0,0.2245449160109274
held-out,116,fixed,395,1,0,1.0,0.9974747474747475,0.0067617499735206366
held-out,116,adaptive,395,1,0,1.0,0.9974747474747475,0.009037874988280237
held-out,116,xqrs,395,0,0,1.0,1.0,0.22033616597764194
held-out,117,fixed,251,251,0,1.0,0.5,0.005691332975402474
held-out,117,adaptive,251,0,0,1.0,1.0,0.007687583041843027
held-out,117,xqrs,251,0,0,1.0,1.0,0.21226633404148743
held-out,118,fixed,362,0,0,1.0,1.0,0.004933958989568055
held-out,118,adaptive,362,0,0,1.0,1.0,0.004803916963282973
held-out,118,xqrs,361,0,1,0.9972375690607734,1.0,0.21352208295138553
held-out,119,fixed,326,0,0,1.0,1.0,0.0051694169524125755
held-out,119,adaptive,326,0,0,1.0,1.0,0.006969875015784055
held-out,119,xqrs,326,0,0,1.0,1.0,0.21648408303735778
held-out,121,fixed,303,0,0,1.0,1.0,0.006406166998203844
held-out,121,adaptive,303,0,0,1.0,1.0,0.007422750000841916
held-out,121,xqrs,303,0,0,1.0,1.0,0.20713904197327793
held-out,122,fixed,422,0,0,1.0,1.0,0.006077166995964944
held-out,122,adaptive,422,0,0,1.0,1.0,0.007111415965482593
held-out,122,xqrs,422,0,0,1.0,1.0,0.2200297920498997
held-out,123,fixed,249,0,0,1.0,1.0,0.006259458023123443
held-out,123,adaptive,249,0,0,1.0,1.0,0.008026583993341774
held-out,123,xqrs,249,0,0,1.0,1.0,0.2206457499996759
held-out,124,fixed,252,0,0,1.0,1.0,0.0055079590529203415
held-out,124,adaptive,252,0,0,1.0,1.0,0.006531541992444545
held-out,124,xqrs,252,0,0,1.0,1.0,0.21756675001233816
held-out,201,fixed,441,0,1,0.997737556561086,1.0,0.004596249957103282
held-out,201,adaptive,441,0,1,0.997737556561086,1.0,0.009827374946326017
held-out,201,xqrs,441,0,1,0.997737556561086,1.0,0.2211687079980038
held-out,202,fixed,261,0,4,0.9849056603773585,1.0,0.0028552919975481927
held-out,202,adaptive,263,2,2,0.9924528301886792,0.9924528301886792,0.004173458961304277
held-out,202,xqrs,265,0,0,1.0,1.0,0.20155808300478384
held-out,205,fixed,452,2,3,0.9934065934065934,0.9955947136563876,0.003497915982734412
held-out,205,adaptive,455,0,0,1.0,1.0,0.005590167012996972
held-out,205,xqrs,455,0,0,1.0,1.0,0.21268291701562703
held-out,208,fixed,505,0,13,0.974903474903475,1.0,0.006904457986820489
held-out,208,adaptive,514,0,4,0.9922779922779923,1.0,0.00858612498268485
held-out,208,xqrs,408,0,110,0.7876447876447876,1.0,0.21423158299876377
held-out,209,fixed,482,0,4,0.9917695473251029,1.0,0.007406583987176418
held-out,209,adaptive,486,1,0,1.0,0.997946611909651,0.008733708993531764
held-out,209,xqrs,486,0,0,1.0,1.0,0.2126677500200458
held-out,212,fixed,451,0,12,0.9740820734341252,1.0,0.0061004169983789325
held-out,212,adaptive,463,1,0,1.0,0.9978448275862069,0.0072039999649859965
held-out,212,xqrs,463,0,0,1.0,1.0,0.20706291700480506
held-out,213,fixed,545,0,6,0.9891107078039928,1.0,0.007254583004396409
held-out,213,adaptive,550,0,1,0.9981851179673321,1.0,0.007735542021691799
held-out,213,xqrs,551,0,0,1.0,1.0,0.21244241698877886
held-out,214,fixed,350,4,33,0.9138381201044387,0.9887005649717514,0.0025895829894579947
held-out,214,adaptive,379,0,4,0.9895561357702349,1.0,0.0035752079566009343
held-out,214,xqrs,375,0,8,0.97911227154047,1.0,0.2176456250017509
held-out,217,fixed,127,0,236,0.349862258953168,1.0,0.006914915982633829
held-out,217,adaptive,363,6,0,1.0,0.983739837398374,0.00883050000993535
held-out,217,xqrs,363,0,0,1.0,1.0,0.22347762499703094
held-out,219,fixed,379,0,2,0.994750656167979,1.0,0.0068807919742539525
held-out,219,adaptive,381,0,0,1.0,1.0,0.007817416975740343
held-out,219,xqrs,379,0,2,0.994750656167979,1.0,0.22306637500878423
held-out,220,fixed,354,0,0,1.0,1.0,0.0036784589756280184
held-out,220,adaptive,354,0,0,1.0,1.0,0.008601332956459373
held-out,220,xqrs,353,0,1,0.9971751412429378,1.0,0.22101441700942814
held-out,221,fixed,386,0,21,0.9484029484029484,1.0,0.0034224590053781867
held-out,221,adaptive,407,0,0,1.0,1.0,0.005523208994418383
held-out,221,xqrs,398,0,9,0.9778869778869779,1.0,0.2110194999841042
held-out,222,fixed,264,0,103,0.7193460490463215,1.0,0.006791458989027888
held-out,222,adaptive,367,0,0,1.0,1.0,0.008605833048932254
held-out,222,xqrs,367,0,0,1.0,1.0,0.20904987503308803
held-out,223,fixed,399,0,7,0.9827586206896551,1.0,0.006511500047054142
held-out,223,adaptive,406,0,0,1.0,1.0,0.007830999966245145
held-out,223,xqrs,406,0,0,1.0,1.0,0.22605150000890717
held-out,228,fixed,43,0,307,0.12285714285714286,1.0,0.007096458983141929
held-out,228,adaptive,305,31,45,0.8714285714285714,0.9077380952380952,0.008939583029132336
held-out,228,xqrs,349,5,1,0.9971428571428571,0.9858757062146892,0.21321141597582027
held-out,230,fixed,349,0,48,0.8790931989924433,1.0,0.005949041980784386
held-out,230,adaptive,397,0,0,1.0,1.0,0.007776707992888987
held-out,230,xqrs,397,0,0,1.0,1.0,0.2169056250131689
held-out,231,fixed,287,0,6,0.9795221843003413,1.0,0.005952584033366293
held-out,231,adaptive,293,1,0,1.0,0.9965986394557823,0.007271874987054616
held-out,231,xqrs,292,0,1,0.9965870307167235,1.0,0.2176210000179708
held-out,232,fixed,278,1,17,0.9423728813559322,0.996415770609319,0.0042701669735834
held-out,232,adaptive,295,0,0,1.0,1.0,0.0071236249641515315
held-out,232,xqrs,294,1,1,0.9966101694915255,0.9966101694915255,0.20618891704361886
held-out,233,fixed,423,3,95,0.8166023166023166,0.9929577464788732,0.0063263330375775695
held-out,233,adaptive,518,0,0,1.0,1.0,0.009246416972018778
held-out,233,xqrs,516,0,2,0.9961389961389961,1.0,0.21988270798465237
held-out,234,fixed,459,0,3,0.9935064935064936,1.0,0.005859833967406303
held-out,234,adaptive,462,0,0,1.0,1.0,0.007704832998570055
held-out,234,xqrs,462,0,0,1.0,1.0,0.2176593750482425
